{"offset": [26.9824, 21.9981, -24.3633], "scale": [1.00274, 1.00341, 0.993904]}